"mean","sd","k","density","niter"
0.297931252527137,0.271721440639735,5,0.1,1000
