"mean","sd","k","density","niter"
0.285571645247441,0.265170265525736,5,0.1,1000
