"r","pval","component","density"
0.658217402755454,1.8182230519945e-11,"PLS1",0.1
0.398906252588983,0.000205516627072433,"PLS2",0.1
