"r","pval","component","density"
0.696142075454438,5.4046685253394e-13,"PLS1",0.1
0.393955373098103,0.000273895092023448,"PLS2",0.1
