"grid","modal.dose.mg"
10485,2
10511,6
10545,6
10559,NA
10563,6
10592,3
10630,4.5
10645,2
10683,5
10694,6
10700,3
10795,3
10817,6
10818,5
10827,4
10870,5
10905,5
10914,3
10920,2.5
10950,3
9333,3
11099,4
11242,6
11277,5
11305,4
11320,2.666666667
11323,4
11382,4
11387,4
11392,2
11399,3
11410,5
11450,5
10737,NA
10782,NA
11316,6
10469,NA
10523,5
10532,4
10580,5
10664,2
10682,NA
10845,2
10854,NA
10944,3
10999,NA
11147,1
11406,4
11082,3.19047619
11400,3
